{
    "0": {
        "w1": 9.0,
        "w2": 5.870236980479723,
        "wt": 6.913491320319816,
        "dt": 416.49,
        "cs": 94.21754308467236
    },
    "1": {
        "w1": 8.0,
        "w2": 12.63756495084296,
        "wt": 11.091709967228638,
        "dt": 160.506,
        "cs": 70.2142225048745
    },
    "2": {
        "w1": 7.0,
        "w2": 11.238457095411718,
        "wt": 9.825638063607812,
        "dt": 166.206,
        "cs": 69.94296800844157
    },
    "3": {
        "w1": 6.0,
        "w2": 3.2221039855641878,
        "wt": 4.148069323709459,
        "dt": 528.131,
        "cs": 102.9903278676001
    },
    "4": {
        "w1": 5.0,
        "w2": 7.647298010569461,
        "wt": 6.764865340379641,
        "dt": 153.461,
        "cs": 70.76868542096628
    },
    "5": {
        "w1": 4.0,
        "w2": 2.350555206079501,
        "wt": 2.900370137386334,
        "dt": 433.983,
        "cs": 98.71268302517758
    },
    "6": {
        "w1": 3.0,
        "w2": 2.2058394050701513,
        "wt": 2.470559603380101,
        "dt": 265.712,
        "cs": 89.60070611492341
    },
    "7": {
        "w1": 2.0,
        "w2": 1.1634458267064642,
        "wt": 1.4422972178043094,
        "dt": 275.394,
        "cs": 99.17417276830024
    },
    "13": {
        "w1": 1.0,
        "w2": 1.0,
        "wt": 1.0,
        "dt": 45.012,
        "cs": 79.99999999999969
    }
}