{
    "0": {
        "w1": 9.0,
        "w2": 5.697339471123022,
        "wt": 6.798226314082015,
        "dt": 433.598,
        "cs": 95.45825869831125
    },
    "1": {
        "w1": 8.0,
        "w2": 12.819064102967555,
        "wt": 11.212709401978369,
        "dt": 158.885,
        "cs": 69.97521386530973
    },
    "2": {
        "w1": 7.0,
        "w2": 11.169764633805414,
        "wt": 9.77984308920361,
        "dt": 168.121,
        "cs": 70.04511489600995
    },
    "3": {
        "w1": 6.0,
        "w2": 3.150099214939909,
        "wt": 4.100066143293272,
        "dt": 542.761,
        "cs": 104.12538433959097
    },
    "4": {
        "w1": 5.0,
        "w2": 7.794691282160891,
        "wt": 6.863127521440594,
        "dt": 149.716,
        "cs": 70.43899262204476
    },
    "5": {
        "w1": 4.0,
        "w2": 2.3069477799624005,
        "wt": 2.8712985199749337,
        "dt": 440.961,
        "cs": 99.57047298302457
    },
    "6": {
        "w1": 3.0,
        "w2": 2.162630822516671,
        "wt": 2.441753881677781,
        "dt": 266.487,
        "cs": 90.32531512100775
    },
    "7": {
        "w1": 2.0,
        "w2": 1.1630847313830086,
        "wt": 1.4420564875886723,
        "dt": 266.383,
        "cs": 99.18840467445168
    },
    "13": {
        "w1": 1.0,
        "w2": 1.0,
        "wt": 1.0,
        "dt": 43.443,
        "cs": 79.99999999999962
    }
}