{
    "0": {
        "w1": 9.0,
        "w2": 5.6793200989466746,
        "wt": 6.7862133992977824,
        "dt": 433.769,
        "cs": 95.5919128496582
    },
    "1": {
        "w1": 8.0,
        "w2": 12.895696868428242,
        "wt": 11.263797912285494,
        "dt": 157.397,
        "cs": 69.87631937820728
    },
    "2": {
        "w1": 7.0,
        "w2": 10.837975665381633,
        "wt": 9.558650443587755,
        "dt": 172.758,
        "cs": 70.55672194666197
    },
    "3": {
        "w1": 6.0,
        "w2": 3.1510106993412794,
        "wt": 4.1006737995608535,
        "dt": 539.379,
        "cs": 104.11069185942407
    },
    "4": {
        "w1": 5.0,
        "w2": 7.440820907487574,
        "wt": 6.62721393832505,
        "dt": 155.925,
        "cs": 71.25250313879961
    },
    "5": {
        "w1": 4.0,
        "w2": 2.2959913856170897,
        "wt": 2.8639942570780597,
        "dt": 437.408,
        "cs": 99.79111507191685
    },
    "6": {
        "w1": 3.0,
        "w2": 2.160593205803995,
        "wt": 2.4403954705359965,
        "dt": 262.371,
        "cs": 90.36020159576063
    },
    "7": {
        "w1": 2.0,
        "w2": 1.164169518093017,
        "wt": 1.442779678728678,
        "dt": 261.565,
        "cs": 99.14567638513968
    },
    "13": {
        "w1": 1.0,
        "w2": 1.0,
        "wt": 1.0,
        "dt": 42.941,
        "cs": 80.00000000000037
    }
}