{
    "0": {
        "w1": 9.0,
        "w2": 5.743503170010003,
        "wt": 6.829002113340001,
        "dt": 428.863,
        "cs": 95.11967746789782
    },
    "1": {
        "w1": 8.0,
        "w2": 12.37123188537999,
        "wt": 10.914154590253325,
        "dt": 164.439,
        "cs": 70.57764136262873
    },
    "2": {
        "w1": 7.0,
        "w2": 11.466765602291055,
        "wt": 9.977843734860704,
        "dt": 163.069,
        "cs": 69.61226264443486
    },
    "3": {
        "w1": 6.0,
        "w2": 3.162389757652116,
        "wt": 4.108259838434744,
        "dt": 539.72,
        "cs": 103.92798239986409
    },
    "4": {
        "w1": 5.0,
        "w2": 7.343112951124981,
        "wt": 6.562075300749988,
        "dt": 158.936,
        "cs": 71.49093682122553
    },
    "5": {
        "w1": 4.0,
        "w2": 2.3219128075561564,
        "wt": 2.8812752050374373,
        "dt": 434.189,
        "cs": 99.27246865294715
    },
    "6": {
        "w1": 3.0,
        "w2": 2.1688577183084754,
        "wt": 2.4459051455389833,
        "dt": 264.637,
        "cs": 90.21910934559898
    },
    "7": {
        "w1": 2.0,
        "w2": 1.1791144910133988,
        "wt": 1.4527429940089325,
        "dt": 262.335,
        "cs": 98.56501671930853
    },
    "13": {
        "w1": 1.0,
        "w2": 1.0,
        "wt": 1.0,
        "dt": 46.988,
        "cs": 80.00000000000031
    }
}