{
    "0": {
        "w1": 9.0,
        "w2": 2.844666728402003,
        "wt": 4.896444485601335,
        "dt": 2418.928,
        "cs": 137.70174022042778
    },
    "1": {
        "w1": 8.0,
        "w2": 13.991903595719128,
        "wt": 11.994602397146085,
        "dt": 318.907,
        "cs": 68.5802460835472
    },
    "2": {
        "w1": 7.0,
        "w2": 5.144887781787296,
        "wt": 5.763258521191531,
        "dt": 805.306,
        "cs": 89.61530382206965
    },
    "3": {
        "w1": 6.0,
        "w2": 3.1924425477541307,
        "wt": 4.128295031836087,
        "dt": 1045.564,
        "cs": 103.4516980671198
    },
    "4": {
        "w1": 5.0,
        "w2": 9.13300663359828,
        "wt": 7.755337755732187,
        "dt": 250.995,
        "cs": 67.93239568842131
    },
    "5": {
        "w1": 4.0,
        "w2": 1.9892010722920095,
        "wt": 2.6594673815280063,
        "dt": 1026.213,
        "cs": 106.95620140456482
    },
    "6": {
        "w1": 3.0,
        "w2": 2.234814578357018,
        "wt": 2.4898763855713453,
        "dt": 454.235,
        "cs": 89.13048660714723
    },
    "7": {
        "w1": 2.0,
        "w2": 1.1099686143202605,
        "wt": 1.4066457428801735,
        "dt": 505.326,
        "cs": 101.38273999695728
    },
    "13": {
        "w1": 1.0,
        "w2": 1.0,
        "wt": 1.0,
        "dt": 55.57,
        "cs": 80.00000000000043
    }
}