{
    "0": {
        "w1": 9.0,
        "w2": 2.7685791085240345,
        "wt": 4.84571940568269,
        "dt": 2465.417,
        "cs": 140.02039936698085
    },
    "1": {
        "w1": 8.0,
        "w2": 14.218768852496437,
        "wt": 12.145845901664291,
        "dt": 306.657,
        "cs": 68.33697644381807
    },
    "2": {
        "w1": 7.0,
        "w2": 5.116298559757262,
        "wt": 5.7441990398381755,
        "dt": 792.297,
        "cs": 89.81804283307036
    },
    "3": {
        "w1": 6.0,
        "w2": 3.114185724516591,
        "wt": 4.076123816344394,
        "dt": 1047.25,
        "cs": 104.71112969929557
    },
    "4": {
        "w1": 5.0,
        "w2": 8.763396938860325,
        "wt": 7.50893129257355,
        "dt": 252.651,
        "cs": 68.54813351453717
    },
    "5": {
        "w1": 4.0,
        "w2": 2.0101809073654264,
        "wt": 2.6734539382436173,
        "dt": 975.748,
        "cs": 106.39655081581634
    },
    "6": {
        "w1": 3.0,
        "w2": 2.187288773103202,
        "wt": 2.4581925154021347,
        "dt": 450.641,
        "cs": 89.90829361464112
    },
    "7": {
        "w1": 2.0,
        "w2": 1.1113716806806475,
        "wt": 1.407581120453765,
        "dt": 481.424,
        "cs": 101.32207936712634
    },
    "13": {
        "w1": 1.0,
        "w2": 1.0,
        "wt": 1.0,
        "dt": 53.617,
        "cs": 79.99999999999972
    }
}