{
    "0": {
        "w1": 9.0,
        "w2": 2.8136760630169753,
        "wt": 4.8757840420113165,
        "dt": 2427.219,
        "cs": 138.6309989582308
    },
    "1": {
        "w1": 8.0,
        "w2": 14.153674267268542,
        "wt": 12.102449511512361,
        "dt": 311.028,
        "cs": 68.40598014608945
    },
    "2": {
        "w1": 7.0,
        "w2": 5.102782534727116,
        "wt": 5.735188356484745,
        "dt": 801.751,
        "cs": 89.91468192036442
    },
    "3": {
        "w1": 6.0,
        "w2": 3.2372163606177597,
        "wt": 4.15814424041184,
        "dt": 1016.123,
        "cs": 102.7585129248102
    },
    "4": {
        "w1": 5.0,
        "w2": 7.989340690236873,
        "wt": 6.992893793491249,
        "dt": 284.54,
        "cs": 70.02223652358897
    },
    "5": {
        "w1": 4.0,
        "w2": 1.9740168859966927,
        "wt": 2.6493445906644615,
        "dt": 1007.462,
        "cs": 107.3686698207464
    },
    "6": {
        "w1": 3.0,
        "w2": 2.158041041452703,
        "wt": 2.438694027635135,
        "dt": 454.711,
        "cs": 90.40399068568247
    },
    "7": {
        "w1": 2.0,
        "w2": 1.1128007996669462,
        "wt": 1.4085338664446307,
        "dt": 473.197,
        "cs": 101.26044962341464
    },
    "13": {
        "w1": 1.0,
        "w2": 1.0,
        "wt": 1.0,
        "dt": 53.377,
        "cs": 79.99999999999939
    }
}