{
    "0": {
        "w1": 9.0,
        "w2": 2.823496144810928,
        "wt": 4.882330763207285,
        "dt": 2413.63,
        "cs": 138.3343348190539
    },
    "1": {
        "w1": 8.0,
        "w2": 14.200404597048442,
        "wt": 12.13360306469896,
        "dt": 309.938,
        "cs": 68.35637946384111
    },
    "2": {
        "w1": 7.0,
        "w2": 5.059484987775787,
        "wt": 5.706323325183858,
        "dt": 808.641,
        "cs": 90.22773407128822
    },
    "3": {
        "w1": 6.0,
        "w2": 3.1198355433228917,
        "wt": 4.079890362215261,
        "dt": 1052.192,
        "cs": 104.61808785907553
    },
    "4": {
        "w1": 5.0,
        "w2": 8.55797660293672,
        "wt": 7.371984401957813,
        "dt": 260.631,
        "cs": 68.91334009422809
    },
    "5": {
        "w1": 4.0,
        "w2": 1.9993433105471228,
        "wt": 2.6662288736980817,
        "dt": 985.245,
        "cs": 106.68418413717913
    },
    "6": {
        "w1": 3.0,
        "w2": 2.1822441299153787,
        "wt": 2.454829419943586,
        "dt": 451.186,
        "cs": 89.99284310280271
    },
    "7": {
        "w1": 2.0,
        "w2": 1.1115737354414,
        "wt": 1.4077158236276,
        "dt": 479.871,
        "cs": 101.31335627994866
    },
    "13": {
        "w1": 1.0,
        "w2": 1.0,
        "wt": 1.0,
        "dt": 53.541,
        "cs": 79.99999999999974
    }
}