{
    "0": {
        "w1": 9.0,
        "w2": 2.8085845636150557,
        "wt": 4.872389709076704,
        "dt": 2420.787,
        "cs": 138.78562952166143
    },
    "1": {
        "w1": 8.0,
        "w2": 14.342709070419582,
        "wt": 12.228472713613055,
        "dt": 305.256,
        "cs": 68.20732487049085
    },
    "2": {
        "w1": 7.0,
        "w2": 5.001512877881774,
        "wt": 5.6676752519211835,
        "dt": 814.342,
        "cs": 90.6553739287228
    },
    "3": {
        "w1": 6.0,
        "w2": 3.149680885305259,
        "wt": 4.099787256870172,
        "dt": 1034.581,
        "cs": 104.13213036273247
    },
    "4": {
        "w1": 5.0,
        "w2": 8.661387056321901,
        "wt": 7.440924704214601,
        "dt": 256.774,
        "cs": 68.72732652014216
    },
    "5": {
        "w1": 4.0,
        "w2": 2.017925191176395,
        "wt": 2.6786167941175965,
        "dt": 974.885,
        "cs": 106.1929076788436
    },
    "6": {
        "w1": 3.0,
        "w2": 2.1330478837394757,
        "wt": 2.422031922492984,
        "dt": 465.231,
        "cs": 90.83835167345185
    },
    "7": {
        "w1": 2.0,
        "w2": 1.1082963115589934,
        "wt": 1.4055308743726622,
        "dt": 475.621,
        "cs": 101.45524150634856
    },
    "13": {
        "w1": 1.0,
        "w2": 1.0,
        "wt": 1.0,
        "dt": 51.508,
        "cs": 80.0000000000003
    }
}