{
    "0": {
        "w1": 9.0,
        "w2": 2.814522823639355,
        "wt": 4.876348549092904,
        "dt": 2414.076,
        "cs": 138.60533680910012
    },
    "1": {
        "w1": 8.0,
        "w2": 14.1601373215192,
        "wt": 12.106758214346133,
        "dt": 309.347,
        "cs": 68.39910059881953
    },
    "2": {
        "w1": 7.0,
        "w2": 5.050822749396104,
        "wt": 5.700548499597403,
        "dt": 806.017,
        "cs": 90.29100853367278
    },
    "3": {
        "w1": 6.0,
        "w2": 3.087582460812201,
        "wt": 4.0583883072081335,
        "dt": 1057.472,
        "cs": 105.15381166248905
    },
    "4": {
        "w1": 5.0,
        "w2": 8.15747659061851,
        "wt": 7.104984393745673,
        "dt": 270.618,
        "cs": 69.67825714061378
    },
    "5": {
        "w1": 4.0,
        "w2": 2.0294142916115727,
        "wt": 2.686276194407715,
        "dt": 954.434,
        "cs": 105.89365436170348
    },
    "6": {
        "w1": 3.0,
        "w2": 2.170487356047602,
        "wt": 2.446991570698401,
        "dt": 452.667,
        "cs": 90.191414896028
    },
    "7": {
        "w1": 2.0,
        "w2": 1.1042725245409641,
        "wt": 1.402848349693976,
        "dt": 479.81,
        "cs": 101.63058980587267
    },
    "13": {
        "w1": 1.0,
        "w2": 1.0,
        "wt": 1.0,
        "dt": 50.031,
        "cs": 80.00000000000009
    }
}