{
    "0": {
        "w1": 9.0,
        "w2": 3.019686119388787,
        "wt": 5.013124079592524,
        "dt": 1808.076,
        "cs": 132.81179252119696
    },
    "1": {
        "w1": 8.0,
        "w2": 14.272828538262205,
        "wt": 12.181885692174802,
        "dt": 255.853,
        "cs": 68.28014872885463
    },
    "2": {
        "w1": 7.0,
        "w2": 5.908048316692502,
        "wt": 6.2720322111283355,
        "dt": 574.791,
        "cs": 84.92865156037996
    },
    "3": {
        "w1": 6.0,
        "w2": 3.321757253202713,
        "wt": 4.214504835468475,
        "dt": 849.28,
        "cs": 101.50060980898006
    },
    "4": {
        "w1": 5.0,
        "w2": 9.016887612549787,
        "wt": 7.677925075033192,
        "dt": 218.681,
        "cs": 68.12040167249715
    },
    "5": {
        "w1": 4.0,
        "w2": 2.229140521192933,
        "wt": 2.819427014128622,
        "dt": 786.465,
        "cs": 101.1843618587058
    },
    "6": {
        "w1": 3.0,
        "w2": 2.1557283094941817,
        "wt": 2.437152206329454,
        "dt": 448.422,
        "cs": 90.44376123265012
    },
    "7": {
        "w1": 2.0,
        "w2": 1.3054256926952141,
        "wt": 1.5369504617968093,
        "dt": 397.0,
        "cs": 94.18846099917546
    },
    "13": {
        "w1": 1.0,
        "w2": 1.0,
        "wt": 1.0,
        "dt": 121.254,
        "cs": 80.00000000000007
    }
}