{
    "0": {
        "w1": 9.0,
        "w2": 2.996655840451083,
        "wt": 4.997770560300722,
        "dt": 1796.565,
        "cs": 133.4226104402677
    },
    "1": {
        "w1": 8.0,
        "w2": 14.41699757246435,
        "wt": 12.277998381642899,
        "dt": 248.812,
        "cs": 68.13068155102243
    },
    "2": {
        "w1": 7.0,
        "w2": 5.78479042912297,
        "wt": 6.189860286081981,
        "dt": 577.084,
        "cs": 85.60186042238938
    },
    "3": {
        "w1": 6.0,
        "w2": 3.2151543520381547,
        "wt": 4.143436234692103,
        "dt": 858.816,
        "cs": 103.09766265661219
    },
    "4": {
        "w1": 5.0,
        "w2": 8.928861416576318,
        "wt": 7.619240944384212,
        "dt": 213.063,
        "cs": 68.26618166781434
    },
    "5": {
        "w1": 4.0,
        "w2": 2.096866765220262,
        "wt": 2.7312445101468414,
        "dt": 805.653,
        "cs": 104.20288233658725
    },
    "6": {
        "w1": 3.0,
        "w2": 2.355141930445953,
        "wt": 2.5700946202973016,
        "dt": 375.219,
        "cs": 87.30156215462219
    },
    "7": {
        "w1": 2.0,
        "w2": 1.299792687571735,
        "wt": 1.5331951250478233,
        "dt": 391.197,
        "cs": 94.36551780651304
    },
    "13": {
        "w1": 1.0,
        "w2": 1.0,
        "wt": 1.0,
        "dt": 117.278,
        "cs": 79.99999999999983
    }
}