{
    "0": {
        "w1": 9.0,
        "w2": 2.9621295486729093,
        "wt": 4.974753032448606,
        "dt": 1831.111,
        "cs": 134.35612320676225
    },
    "1": {
        "w1": 8.0,
        "w2": 14.183211681713571,
        "wt": 12.12214112114238,
        "dt": 253.319,
        "cs": 68.3745904280423
    },
    "2": {
        "w1": 7.0,
        "w2": 5.743657921621371,
        "wt": 6.162438614414247,
        "dt": 581.434,
        "cs": 85.83294755373814
    },
    "3": {
        "w1": 6.0,
        "w2": 3.2824922969629386,
        "wt": 4.188328197975292,
        "dt": 840.253,
        "cs": 102.07678359155234
    },
    "4": {
        "w1": 5.0,
        "w2": 9.392396446516548,
        "wt": 7.928264297677699,
        "dt": 204.194,
        "cs": 67.52921338296476
    },
    "5": {
        "w1": 4.0,
        "w2": 2.0706059899398395,
        "wt": 2.7137373266265596,
        "dt": 827.621,
        "cs": 104.84804312597996
    },
    "6": {
        "w1": 3.0,
        "w2": 2.2455389839958437,
        "wt": 2.497025989330562,
        "dt": 394.585,
        "cs": 88.9595240029975
    },
    "7": {
        "w1": 2.0,
        "w2": 1.152740705992729,
        "wt": 1.4351604706618193,
        "dt": 426.35,
        "cs": 99.59988144434422
    },
    "13": {
        "w1": 1.0,
        "w2": 1.0,
        "wt": 1.0,
        "dt": 65.121,
        "cs": 79.99999999999989
    }
}