{
    "0": {
        "w1": 9.0,
        "w2": 3.0872019021157193,
        "wt": 5.0581346014104795,
        "dt": 1821.13,
        "cs": 131.07363267544093
    },
    "1": {
        "w1": 8.0,
        "w2": 14.898253865600564,
        "wt": 12.598835910400375,
        "dt": 255.135,
        "cs": 67.65268479947467
    },
    "2": {
        "w1": 7.0,
        "w2": 6.230835327731447,
        "wt": 6.487223551820964,
        "dt": 569.094,
        "cs": 83.29186326524685
    },
    "3": {
        "w1": 6.0,
        "w2": 3.5556464655392768,
        "wt": 4.370430977026185,
        "dt": 837.214,
        "cs": 98.33218278326964
    },
    "4": {
        "w1": 5.0,
        "w2": 9.989695727485374,
        "wt": 8.326463818323584,
        "dt": 214.183,
        "cs": 66.68041986835998
    },
    "5": {
        "w1": 4.0,
        "w2": 2.455680316703993,
        "wt": 2.9704535444693283,
        "dt": 784.076,
        "cs": 96.7700404409728
    },
    "6": {
        "w1": 3.0,
        "w2": 2.3920394172913815,
        "wt": 2.5946929448609213,
        "dt": 477.151,
        "cs": 86.7775982654672
    },
    "7": {
        "w1": 2.0,
        "w2": 1.6635768456274984,
        "wt": 1.775717897084999,
        "dt": 399.268,
        "cs": 85.39276808292925
    },
    "13": {
        "w1": 1.0,
        "w2": 1.0,
        "wt": 1.0,
        "dt": 264.945,
        "cs": 80.00000000000009
    }
}