{
    "0": {
        "w1": 9.0,
        "w2": 3.025204514300574,
        "wt": 5.0168030095337155,
        "dt": 1815.032,
        "cs": 132.66681272802737
    },
    "1": {
        "w1": 8.0,
        "w2": 14.604865625148996,
        "wt": 12.40324375009933,
        "dt": 251.684,
        "cs": 67.9403375200738
    },
    "2": {
        "w1": 7.0,
        "w2": 5.938551109708234,
        "wt": 6.292367406472156,
        "dt": 576.593,
        "cs": 84.76636526624158
    },
    "3": {
        "w1": 6.0,
        "w2": 3.338308790169135,
        "wt": 4.225539193446091,
        "dt": 852.987,
        "cs": 101.26179353784717
    },
    "4": {
        "w1": 5.0,
        "w2": 9.583132738515646,
        "wt": 8.055421825677097,
        "dt": 208.131,
        "cs": 67.24666804041217
    },
    "5": {
        "w1": 4.0,
        "w2": 2.3092303754663273,
        "wt": 2.872820250310885,
        "dt": 773.598,
        "cs": 99.52476914671612
    },
    "6": {
        "w1": 3.0,
        "w2": 2.6569760120883963,
        "wt": 2.7713173413922645,
        "dt": 381.192,
        "cs": 83.44275081998936
    },
    "7": {
        "w1": 2.0,
        "w2": 1.6035756538693937,
        "wt": 1.7357171025795957,
        "dt": 393.886,
        "cs": 86.59233998178244
    },
    "13": {
        "w1": 1.0,
        "w2": 1.0,
        "wt": 1.0,
        "dt": 237.74,
        "cs": 80.00000000000009
    }
}