{
    "0": {
        "w1": 9.0,
        "w2": 2.969833293460178,
        "wt": 4.979888862306785,
        "dt": 1814.086,
        "cs": 134.14595016556433
    },
    "1": {
        "w1": 8.0,
        "w2": 13.86201398829266,
        "wt": 11.90800932552844,
        "dt": 257.787,
        "cs": 68.72311244577014
    },
    "2": {
        "w1": 7.0,
        "w2": 5.759974150420924,
        "wt": 6.1733161002806165,
        "dt": 575.638,
        "cs": 85.74088617851851
    },
    "3": {
        "w1": 6.0,
        "w2": 3.315399665800717,
        "wt": 4.210266443867145,
        "dt": 826.453,
        "cs": 101.59297504423928
    },
    "4": {
        "w1": 5.0,
        "w2": 9.56416279732303,
        "wt": 8.042775198215354,
        "dt": 200.077,
        "cs": 67.27426430228888
    },
    "5": {
        "w1": 4.0,
        "w2": 2.1960863725379625,
        "wt": 2.797390915025308,
        "dt": 780.248,
        "cs": 101.90458626788644
    },
    "6": {
        "w1": 3.0,
        "w2": 2.427629764896235,
        "wt": 2.6184198432641566,
        "dt": 384.426,
        "cs": 86.28728749751757
    },
    "7": {
        "w1": 2.0,
        "w2": 1.209982913520366,
        "wt": 1.4733219423469106,
        "dt": 453.575,
        "cs": 97.41109074410821
    },
    "13": {
        "w1": 1.0,
        "w2": 1.0,
        "wt": 1.0,
        "dt": 95.243,
        "cs": 79.99999999999966
    }
}