{
    "0": {
        "w1": 9.0,
        "w2": 2.9477659513761894,
        "wt": 4.96517730091746,
        "dt": 1840.045,
        "cs": 134.7509234537274
    },
    "1": {
        "w1": 8.0,
        "w2": 14.253579325814098,
        "wt": 12.169052883876065,
        "dt": 251.444,
        "cs": 68.30033414462946
    },
    "2": {
        "w1": 7.0,
        "w2": 5.8128650992581585,
        "wt": 6.208576732838773,
        "dt": 573.303,
        "cs": 85.44601158738213
    },
    "3": {
        "w1": 6.0,
        "w2": 3.2695707609324196,
        "wt": 4.179713840621613,
        "dt": 843.912,
        "cs": 102.2694205750638
    },
    "4": {
        "w1": 5.0,
        "w2": 9.291075257341884,
        "wt": 7.860716838227923,
        "dt": 206.146,
        "cs": 67.68402253133249
    },
    "5": {
        "w1": 4.0,
        "w2": 2.093096049847167,
        "wt": 2.728730699898111,
        "dt": 816.576,
        "cs": 104.29452389812143
    },
    "6": {
        "w1": 3.0,
        "w2": 2.1564717393667783,
        "wt": 2.437647826244519,
        "dt": 413.915,
        "cs": 90.43096764941816
    },
    "7": {
        "w1": 2.0,
        "w2": 1.1998551193260292,
        "wt": 1.466570079550686,
        "dt": 398.949,
        "cs": 97.78314437659604
    },
    "13": {
        "w1": 1.0,
        "w2": 1.0,
        "wt": 1.0,
        "dt": 79.732,
        "cs": 80.00000000000001
    }
}