{
    "0": {
        "w1": 9.0,
        "w2": 3.0029986285853854,
        "wt": 5.00199908572359,
        "dt": 1817.831,
        "cs": 133.25344975145373
    },
    "1": {
        "w1": 8.0,
        "w2": 14.958457777869071,
        "wt": 12.638971851912714,
        "dt": 243.415,
        "cs": 67.59505312432398
    },
    "2": {
        "w1": 7.0,
        "w2": 5.805033982456919,
        "wt": 6.203355988304613,
        "dt": 585.302,
        "cs": 85.4893322871348
    },
    "3": {
        "w1": 6.0,
        "w2": 3.3583293827968363,
        "wt": 4.23888625519789,
        "dt": 837.439,
        "cs": 100.97606927805799
    },
    "4": {
        "w1": 5.0,
        "w2": 9.430783703250945,
        "wt": 7.953855802167297,
        "dt": 209.416,
        "cs": 67.47143017966128
    },
    "5": {
        "w1": 4.0,
        "w2": 2.249798981847838,
        "wt": 2.8331993212318918,
        "dt": 784.755,
        "cs": 100.74497656336872
    },
    "6": {
        "w1": 3.0,
        "w2": 2.571986762260905,
        "wt": 2.71465784150727,
        "dt": 381.334,
        "cs": 84.43769249017284
    },
    "7": {
        "w1": 2.0,
        "w2": 1.1415915384058717,
        "wt": 1.427727692270581,
        "dt": 525.102,
        "cs": 100.05173614123119
    },
    "13": {
        "w1": 1.0,
        "w2": 1.0,
        "wt": 1.0,
        "dt": 74.35,
        "cs": 79.9999999999996
    }
}