{
    "CS": {
        "0": {
            "avg": 122.35192867321797,
            "stdev": 19.370389756568102
        },
        "1": {
            "avg": 68.94020451746535,
            "stdev": 0.9741056408173763
        },
        "2": {
            "avg": 81.79351674481977,
            "stdev": 8.53524866344223
        },
        "3": {
            "avg": 103.09831643957612,
            "stdev": 1.4553283092121219
        },
        "4": {
            "avg": 69.1826926953947,
            "stdev": 1.4502915440899269
        },
        "5": {
            "avg": 102.54521016417937,
            "stdev": 3.3153909191749715
        },
        "6": {
            "avg": 89.08739145309517,
            "stdev": 1.88587931555654
        },
        "7": {
            "avg": 98.39227601526935,
            "stdev": 3.9921926258569744
        },
        "13": {
            "avg": 79.99999999999997,
            "stdev": 3.241035050462712e-13
        }
    },
    "W2": {
        "0": {
            "avg": 3.8524367012002467,
            "stdev": 1.3388593879290553
        },
        "1": {
            "avg": 13.720803359853413,
            "stdev": 0.8277049137993773
        },
        "2": {
            "avg": 7.3631728369089595,
            "stdev": 2.701894052477565
        },
        "3": {
            "avg": 3.2179776976157344,
            "stdev": 0.09809644814824962
        },
        "4": {
            "avg": 8.483529020287293,
            "stdev": 0.7781114928912289
        },
        "5": {
            "avg": 2.177376406879646,
            "stdev": 0.14677289717313738
        },
        "6": {
            "avg": 2.2443709427601957,
            "stdev": 0.13033141562965242
        },
        "7": {
            "avg": 1.1954426177881199,
            "stdev": 0.13412473993349286
        },
        "13": {
            "avg": 1.0,
            "stdev": 0.0
        }
    }
}