{
    "0": {
        "w1": 9.0,
        "w2": 5.829292819865478,
        "wt": 6.886195213243653,
        "dt": 424.616,
        "cs": 123.51412465442343
    },
    "1": {
        "w1": 8.0,
        "w2": 12.732897849696052,
        "wt": 11.1552652331307,
        "dt": 161.047,
        "cs": 50.26349913074011
    },
    "2": {
        "w1": 7.0,
        "w2": 11.008849969995165,
        "wt": 9.672566646663443,
        "dt": 171.639,
        "cs": 50.868165296674135
    },
    "3": {
        "w1": 6.0,
        "w2": 3.181118561273107,
        "wt": 4.120745707515405,
        "dt": 540.033,
        "cs": 150.89032073293757
    },
    "4": {
        "w1": 5.0,
        "w2": 7.605038707136447,
        "wt": 6.736692471424298,
        "dt": 154.881,
        "cs": 52.59670797265588
    },
    "5": {
        "w1": 4.0,
        "w2": 2.3097756142497823,
        "wt": 2.873183742833188,
        "dt": 442.898,
        "cs": 138.54159599998047
    },
    "6": {
        "w1": 3.0,
        "w2": 2.178040016670484,
        "wt": 2.4520266777803226,
        "dt": 266.339,
        "cs": 110.19081291577103
    },
    "7": {
        "w1": 2.0,
        "w2": 1.1712020425989385,
        "wt": 1.4474680283992922,
        "dt": 267.894,
        "cs": 136.61178360392412
    },
    "13": {
        "w1": 1.0,
        "w2": 1.0,
        "wt": 1.0,
        "dt": 45.864,
        "cs": 80.00000000000072
    }
}