{
    "0": {
        "w1": 9.0,
        "w2": 5.841063951275219,
        "wt": 6.89404263418348,
        "dt": 420.32,
        "cs": 123.26521435239721
    },
    "1": {
        "w1": 8.0,
        "w2": 12.829573397561191,
        "wt": 11.219715598374126,
        "dt": 158.602,
        "cs": 49.884745202958925
    },
    "2": {
        "w1": 7.0,
        "w2": 10.924427778715872,
        "wt": 9.61628518581058,
        "dt": 171.743,
        "cs": 51.26126615904325
    },
    "3": {
        "w1": 6.0,
        "w2": 3.21618801418975,
        "wt": 4.144125342793167,
        "dt": 529.96,
        "cs": 149.24500616327487
    },
    "4": {
        "w1": 5.0,
        "w2": 7.753234665047134,
        "wt": 6.83548977669809,
        "dt": 151.484,
        "cs": 51.591370219099176
    },
    "5": {
        "w1": 4.0,
        "w2": 2.3175155859219254,
        "wt": 2.87834372394795,
        "dt": 441.424,
        "cs": 138.0788987758637
    },
    "6": {
        "w1": 3.0,
        "w2": 2.1917167567974976,
        "wt": 2.4611445045316653,
        "dt": 265.355,
        "cs": 109.50320074692691
    },
    "7": {
        "w1": 2.0,
        "w2": 1.1457204139010464,
        "wt": 1.430480275934031,
        "dt": 276.008,
        "cs": 139.65012585855771
    },
    "13": {
        "w1": 1.0,
        "w2": 1.0,
        "wt": 1.0,
        "dt": 40.22,
        "cs": 80.00000000000038
    }
}