{
    "0": {
        "w1": 9.0,
        "w2": 5.649351482652734,
        "wt": 6.76623432176849,
        "dt": 436.38,
        "cs": 127.44825706293524
    },
    "1": {
        "w1": 8.0,
        "w2": 12.356551661134626,
        "wt": 10.90436777408975,
        "dt": 164.195,
        "cs": 51.79438548482812
    },
    "2": {
        "w1": 7.0,
        "w2": 11.219886278167213,
        "wt": 9.813257518778142,
        "dt": 166.195,
        "cs": 49.91137932384434
    },
    "3": {
        "w1": 6.0,
        "w2": 3.1879598486441036,
        "wt": 4.125306565762736,
        "dt": 532.784,
        "cs": 150.56651362913263
    },
    "4": {
        "w1": 5.0,
        "w2": 7.473601877199844,
        "wt": 6.6490679181332295,
        "dt": 155.977,
        "cs": 53.52171637885924
    },
    "5": {
        "w1": 4.0,
        "w2": 2.320457136028533,
        "wt": 2.8803047573523552,
        "dt": 435.144,
        "cs": 137.90386171393823
    },
    "6": {
        "w1": 3.0,
        "w2": 2.144252837103076,
        "wt": 2.429501891402051,
        "dt": 267.967,
        "cs": 111.92709919612102
    },
    "7": {
        "w1": 2.0,
        "w2": 1.1608050093508893,
        "wt": 1.4405366729005928,
        "dt": 264.146,
        "cs": 137.83538037061905
    },
    "13": {
        "w1": 1.0,
        "w2": 1.0,
        "wt": 1.0,
        "dt": 42.476,
        "cs": 79.99999999999979
    }
}