{
    "0": {
        "w1": 9.0,
        "w2": 5.697339471123022,
        "wt": 6.798226314082015,
        "dt": 433.598,
        "cs": 126.37477609493372
    },
    "1": {
        "w1": 8.0,
        "w2": 12.819064102967555,
        "wt": 11.212709401978369,
        "dt": 158.885,
        "cs": 49.925641595929214
    },
    "2": {
        "w1": 7.0,
        "w2": 11.169764633805414,
        "wt": 9.77984308920361,
        "dt": 168.121,
        "cs": 50.13534468802985
    },
    "3": {
        "w1": 6.0,
        "w2": 3.150099214939909,
        "wt": 4.100066143293272,
        "dt": 542.761,
        "cs": 152.3761530187729
    },
    "4": {
        "w1": 5.0,
        "w2": 7.794691282160891,
        "wt": 6.863127521440594,
        "dt": 149.716,
        "cs": 51.316977866134245
    },
    "5": {
        "w1": 4.0,
        "w2": 2.3069477799624005,
        "wt": 2.8712985199749337,
        "dt": 440.961,
        "cs": 138.7114189490737
    },
    "6": {
        "w1": 3.0,
        "w2": 2.162630822516671,
        "wt": 2.441753881677781,
        "dt": 266.487,
        "cs": 110.97594536302323
    },
    "7": {
        "w1": 2.0,
        "w2": 1.1630847313830086,
        "wt": 1.4420564875886723,
        "dt": 266.383,
        "cs": 137.56521402335503
    },
    "13": {
        "w1": 1.0,
        "w2": 1.0,
        "wt": 1.0,
        "dt": 43.443,
        "cs": 79.99999999999962
    }
}