{
    "0": {
        "w1": 9.0,
        "w2": 5.694055197334009,
        "wt": 6.796036798222673,
        "dt": 437.811,
        "cs": 126.44766779519598
    },
    "1": {
        "w1": 8.0,
        "w2": 12.22282424451489,
        "wt": 10.815216163009925,
        "dt": 168.137,
        "cs": 52.36105724805838
    },
    "2": {
        "w1": 7.0,
        "w2": 11.06605129047203,
        "wt": 9.710700860314686,
        "dt": 170.519,
        "cs": 50.60522360692156
    },
    "3": {
        "w1": 6.0,
        "w2": 3.1585714364578865,
        "wt": 4.105714290971925,
        "dt": 543.427,
        "cs": 151.96743517008622
    },
    "4": {
        "w1": 5.0,
        "w2": 7.4437196197631765,
        "wt": 6.629146413175452,
        "dt": 157.586,
        "cs": 53.736575318876135
    },
    "5": {
        "w1": 4.0,
        "w2": 2.3238953121138053,
        "wt": 2.8825968747425366,
        "dt": 436.956,
        "cs": 137.69983455447885
    },
    "6": {
        "w1": 3.0,
        "w2": 2.1705657885356437,
        "wt": 2.447043859023762,
        "dt": 266.513,
        "cs": 110.57024913394316
    },
    "7": {
        "w1": 2.0,
        "w2": 1.1528861788617886,
        "wt": 1.4352574525745256,
        "dt": 270.6,
        "cs": 138.78213039032474
    },
    "13": {
        "w1": 1.0,
        "w2": 1.0,
        "wt": 1.0,
        "dt": 41.371,
        "cs": 79.99999999999982
    }
}