{
    "0": {
        "w1": 9.0,
        "w2": 5.6793200989466746,
        "wt": 6.7862133992977824,
        "dt": 433.769,
        "cs": 126.77573854897459
    },
    "1": {
        "w1": 8.0,
        "w2": 12.895696868428242,
        "wt": 11.263797912285494,
        "dt": 157.397,
        "cs": 49.628958134621904
    },
    "2": {
        "w1": 7.0,
        "w2": 10.837975665381633,
        "wt": 9.558650443587755,
        "dt": 172.758,
        "cs": 51.67016583998587
    },
    "3": {
        "w1": 6.0,
        "w2": 3.1510106993412794,
        "wt": 4.1006737995608535,
        "dt": 539.379,
        "cs": 152.33207557827214
    },
    "4": {
        "w1": 5.0,
        "w2": 7.440820907487574,
        "wt": 6.62721393832505,
        "dt": 155.925,
        "cs": 53.75750941639876
    },
    "5": {
        "w1": 4.0,
        "w2": 2.2959913856170897,
        "wt": 2.8639942570780597,
        "dt": 437.408,
        "cs": 139.37334521575053
    },
    "6": {
        "w1": 3.0,
        "w2": 2.160593205803995,
        "wt": 2.4403954705359965,
        "dt": 262.371,
        "cs": 111.0806047872819
    },
    "7": {
        "w1": 2.0,
        "w2": 1.164169518093017,
        "wt": 1.442779678728678,
        "dt": 261.565,
        "cs": 137.437029155419
    },
    "13": {
        "w1": 1.0,
        "w2": 1.0,
        "wt": 1.0,
        "dt": 42.941,
        "cs": 80.00000000000037
    }
}