{
    "0": {
        "w1": 9.0,
        "w2": 5.669522587739394,
        "wt": 6.779681725159596,
        "dt": 436.52,
        "cs": 126.99481990900496
    },
    "1": {
        "w1": 8.0,
        "w2": 12.668286710461713,
        "wt": 11.112191140307807,
        "dt": 160.901,
        "cs": 50.519854391318425
    },
    "2": {
        "w1": 7.0,
        "w2": 11.435526508137608,
        "wt": 9.95701767209174,
        "dt": 164.176,
        "cs": 48.97019823280544
    },
    "3": {
        "w1": 6.0,
        "w2": 3.174361102721972,
        "wt": 4.116240735147981,
        "dt": 539.719,
        "cs": 151.21153027877216
    },
    "4": {
        "w1": 5.0,
        "w2": 7.726529940415446,
        "wt": 6.817686626943631,
        "dt": 151.885,
        "cs": 51.769682261593935
    },
    "5": {
        "w1": 4.0,
        "w2": 2.3463220265025377,
        "wt": 2.8975480176683583,
        "dt": 435.43,
        "cs": 136.3836661743302
    },
    "6": {
        "w1": 3.0,
        "w2": 2.2130701337138627,
        "wt": 2.4753800891425755,
        "dt": 264.894,
        "cs": 108.4466309240928
    },
    "7": {
        "w1": 2.0,
        "w2": 1.1685036564035245,
        "wt": 1.4456691042690162,
        "dt": 274.997,
        "cs": 136.92725660136617
    },
    "13": {
        "w1": 1.0,
        "w2": 1.0,
        "wt": 1.0,
        "dt": 46.338,
        "cs": 79.99999999999966
    }
}