{
    "0": {
        "w1": 9.0,
        "w2": 2.8471570751362982,
        "wt": 4.8981047167575325,
        "dt": 2406.307,
        "cs": 252.88383499724276
    },
    "1": {
        "w1": 8.0,
        "w2": 14.387300487795404,
        "wt": 12.258200325196935,
        "dt": 308.941,
        "cs": 44.48367506766855
    },
    "2": {
        "w1": 7.0,
        "w2": 5.106807576953043,
        "wt": 5.737871717968696,
        "dt": 809.877,
        "cs": 109.65754858813806
    },
    "3": {
        "w1": 6.0,
        "w2": 3.107859049722807,
        "wt": 4.071906033148538,
        "dt": 1070.193,
        "cs": 154.4471587419036
    },
    "4": {
        "w1": 5.0,
        "w2": 8.412923244460854,
        "wt": 7.2752821629739035,
        "dt": 268.137,
        "cs": 47.54589913361729
    },
    "5": {
        "w1": 4.0,
        "w2": 2.0093254632152173,
        "wt": 2.672883642143478,
        "dt": 989.227,
        "cs": 159.25742536898562
    },
    "6": {
        "w1": 3.0,
        "w2": 2.241536306327341,
        "wt": 2.4943575375515605,
        "dt": 445.432,
        "cs": 107.06942346752771
    },
    "7": {
        "w1": 2.0,
        "w2": 1.1293889879366013,
        "wt": 1.4195926586244008,
        "dt": 489.663,
        "cs": 141.66952370619498
    },
    "13": {
        "w1": 1.0,
        "w2": 1.0,
        "wt": 1.0,
        "dt": 63.357,
        "cs": 80.00000000000004
    }
}