{
    "0": {
        "w1": 9.0,
        "w2": 2.8088229723698492,
        "wt": 4.872548648246566,
        "dt": 2428.796,
        "cs": 256.33512937005224
    },
    "1": {
        "w1": 8.0,
        "w2": 13.997342798154614,
        "wt": 11.998228532103075,
        "dt": 313.864,
        "cs": 45.72296393886819
    },
    "2": {
        "w1": 7.0,
        "w2": 5.048041429747004,
        "wt": 5.698694286498003,
        "dt": 808.115,
        "cs": 110.93411331770032
    },
    "3": {
        "w1": 6.0,
        "w2": 3.1571702388857146,
        "wt": 4.1047801592571425,
        "dt": 1036.144,
        "cs": 152.03488050407137
    },
    "4": {
        "w1": 5.0,
        "w2": 8.50509512937595,
        "wt": 7.336730086250634,
        "dt": 262.8,
        "cs": 47.03063209939069
    },
    "5": {
        "w1": 4.0,
        "w2": 2.019645148308838,
        "wt": 2.679763432205892,
        "dt": 976.577,
        "cs": 158.4436752505528
    },
    "6": {
        "w1": 3.0,
        "w2": 2.181057934508816,
        "wt": 2.4540386230058777,
        "dt": 456.55,
        "cs": 110.03834249549594
    },
    "7": {
        "w1": 2.0,
        "w2": 1.1234051418809117,
        "wt": 1.4156034279206078,
        "dt": 479.98,
        "cs": 142.42413002677972
    },
    "13": {
        "w1": 1.0,
        "w2": 1.0,
        "wt": 1.0,
        "dt": 59.232,
        "cs": 80.00000000000004
    }
}