{
    "0": {
        "w1": 9.0,
        "w2": 2.826914017223974,
        "wt": 4.884609344815983,
        "dt": 2407.11,
        "cs": 254.69469379441512
    },
    "1": {
        "w1": 8.0,
        "w2": 13.945219076128836,
        "wt": 11.96347938408589,
        "dt": 315.347,
        "cs": 45.89386487986695
    },
    "2": {
        "w1": 7.0,
        "w2": 5.080219773382034,
        "wt": 5.720146515588023,
        "dt": 803.555,
        "cs": 110.23145158682644
    },
    "3": {
        "w1": 6.0,
        "w2": 3.1772750882823795,
        "wt": 4.118183392188254,
        "dt": 1031.916,
        "cs": 151.07284911218872
    },
    "4": {
        "w1": 5.0,
        "w2": 8.342021527414223,
        "wt": 7.228014351609483,
        "dt": 269.331,
        "cs": 47.950008122789875
    },
    "5": {
        "w1": 4.0,
        "w2": 2.0203936297493605,
        "wt": 2.680262419832907,
        "dt": 978.737,
        "cs": 158.38497770342775
    },
    "6": {
        "w1": 3.0,
        "w2": 2.190355563743552,
        "wt": 2.4602370424957014,
        "dt": 455.952,
        "cs": 109.57125134049664
    },
    "7": {
        "w1": 2.0,
        "w2": 1.1065295529192058,
        "wt": 1.4043530352794704,
        "dt": 490.493,
        "cs": 144.59622843139968
    },
    "13": {
        "w1": 1.0,
        "w2": 1.0,
        "wt": 1.0,
        "dt": 52.252,
        "cs": 79.99999999999939
    }
}