{
    "0": {
        "w1": 9.0,
        "w2": 2.7685791085240345,
        "wt": 4.84571940568269,
        "dt": 2465.417,
        "cs": 260.0611981009426
    },
    "1": {
        "w1": 8.0,
        "w2": 14.218768852496437,
        "wt": 12.145845901664291,
        "dt": 306.657,
        "cs": 45.01092933145425
    },
    "2": {
        "w1": 7.0,
        "w2": 5.116298559757262,
        "wt": 5.7441990398381755,
        "dt": 792.297,
        "cs": 109.45412849921108
    },
    "3": {
        "w1": 6.0,
        "w2": 3.114185724516591,
        "wt": 4.076123816344394,
        "dt": 1047.25,
        "cs": 154.13338909788672
    },
    "4": {
        "w1": 5.0,
        "w2": 8.763396938860325,
        "wt": 7.50893129257355,
        "dt": 252.651,
        "cs": 45.644400543611546
    },
    "5": {
        "w1": 4.0,
        "w2": 2.0101809073654264,
        "wt": 2.6734539382436173,
        "dt": 975.748,
        "cs": 159.18965244744902
    },
    "6": {
        "w1": 3.0,
        "w2": 2.187288773103202,
        "wt": 2.4581925154021347,
        "dt": 450.641,
        "cs": 109.72488084392333
    },
    "7": {
        "w1": 2.0,
        "w2": 1.1113716806806475,
        "wt": 1.407581120453765,
        "dt": 481.424,
        "cs": 143.9662381013791
    },
    "13": {
        "w1": 1.0,
        "w2": 1.0,
        "wt": 1.0,
        "dt": 53.617,
        "cs": 79.99999999999972
    }
}