{
    "0": {
        "w1": 9.0,
        "w2": 2.9742098778911013,
        "wt": 4.982806585260734,
        "dt": 1804.373,
        "cs": 242.08110037968285
    },
    "1": {
        "w1": 8.0,
        "w2": 14.080330603339236,
        "wt": 12.05355373555949,
        "dt": 252.992,
        "cs": 45.45347819093254
    },
    "2": {
        "w1": 7.0,
        "w2": 5.7433471657442166,
        "wt": 6.162231443829478,
        "dt": 576.183,
        "cs": 97.50411804114505
    },
    "3": {
        "w1": 6.0,
        "w2": 3.281688348178585,
        "wt": 4.187792232119056,
        "dt": 832.814,
        "cs": 146.26617432042607
    },
    "4": {
        "w1": 5.0,
        "w2": 9.107615473468782,
        "wt": 7.738410315645854,
        "dt": 208.641,
        "cs": 43.91928943039287
    },
    "5": {
        "w1": 4.0,
        "w2": 2.1258388586997503,
        "wt": 2.7505592391331666,
        "dt": 795.724,
        "cs": 150.5288129861946
    },
    "6": {
        "w1": 3.0,
        "w2": 2.362062282970662,
        "wt": 2.574708188647108,
        "dt": 379.269,
        "cs": 101.60612687069478
    },
    "7": {
        "w1": 2.0,
        "w2": 1.2138703060123928,
        "wt": 1.475913537341595,
        "dt": 425.571,
        "cs": 131.80979813700674
    },
    "13": {
        "w1": 1.0,
        "w2": 1.0,
        "wt": 1.0,
        "dt": 91.017,
        "cs": 80.00000000000014
    }
}