{
    "0": {
        "w1": 9.0,
        "w2": 3.025204514300574,
        "wt": 5.0168030095337155,
        "dt": 1815.032,
        "cs": 238.00043818408213
    },
    "1": {
        "w1": 8.0,
        "w2": 14.604865625148996,
        "wt": 12.40324375009933,
        "dt": 251.684,
        "cs": 43.82101256022141
    },
    "2": {
        "w1": 7.0,
        "w2": 5.938551109708234,
        "wt": 6.292367406472156,
        "dt": 576.593,
        "cs": 94.29909579872475
    },
    "3": {
        "w1": 6.0,
        "w2": 3.338308790169135,
        "wt": 4.225539193446091,
        "dt": 852.987,
        "cs": 143.7853806135414
    },
    "4": {
        "w1": 5.0,
        "w2": 9.583132738515646,
        "wt": 8.055421825677097,
        "dt": 208.131,
        "cs": 41.74000412123655
    },
    "5": {
        "w1": 4.0,
        "w2": 2.3092303754663273,
        "wt": 2.872820250310885,
        "dt": 773.598,
        "cs": 138.57430744014837
    },
    "6": {
        "w1": 3.0,
        "w2": 2.6569760120883963,
        "wt": 2.7713173413922645,
        "dt": 381.192,
        "cs": 90.32825245996811
    },
    "7": {
        "w1": 2.0,
        "w2": 1.6035756538693937,
        "wt": 1.7357171025795957,
        "dt": 393.886,
        "cs": 99.77701994534739
    },
    "13": {
        "w1": 1.0,
        "w2": 1.0,
        "wt": 1.0,
        "dt": 237.74,
        "cs": 80.00000000000009
    }
}