{
    "0": {
        "w1": 9.0,
        "w2": 3.0029986285853854,
        "wt": 5.00199908572359,
        "dt": 1817.831,
        "cs": 239.76034925436127
    },
    "1": {
        "w1": 8.0,
        "w2": 14.958457777869071,
        "wt": 12.638971851912714,
        "dt": 243.415,
        "cs": 42.78515937297194
    },
    "2": {
        "w1": 7.0,
        "w2": 5.805033982456919,
        "wt": 6.203355988304613,
        "dt": 585.302,
        "cs": 96.4679968614044
    },
    "3": {
        "w1": 6.0,
        "w2": 3.3583293827968363,
        "wt": 4.23888625519789,
        "dt": 837.439,
        "cs": 142.9282078341741
    },
    "4": {
        "w1": 5.0,
        "w2": 9.430783703250945,
        "wt": 7.953855802167297,
        "dt": 209.416,
        "cs": 42.41429053898388
    },
    "5": {
        "w1": 4.0,
        "w2": 2.249798981847838,
        "wt": 2.8331993212318918,
        "dt": 784.755,
        "cs": 142.23492969010624
    },
    "6": {
        "w1": 3.0,
        "w2": 2.571986762260905,
        "wt": 2.71465784150727,
        "dt": 381.334,
        "cs": 93.31307747051855
    },
    "7": {
        "w1": 2.0,
        "w2": 1.1415915384058717,
        "wt": 1.427727692270581,
        "dt": 525.102,
        "cs": 140.15520842369358
    },
    "13": {
        "w1": 1.0,
        "w2": 1.0,
        "wt": 1.0,
        "dt": 74.35,
        "cs": 79.9999999999996
    }
}