{
    "0": {
        "w1": 9.0,
        "w2": 3.0872019021157193,
        "wt": 5.0581346014104795,
        "dt": 1821.13,
        "cs": 233.2208980263228
    },
    "1": {
        "w1": 8.0,
        "w2": 14.898253865600564,
        "wt": 12.598835910400375,
        "dt": 255.135,
        "cs": 42.958054398424025
    },
    "2": {
        "w1": 7.0,
        "w2": 6.230835327731447,
        "wt": 6.487223551820964,
        "dt": 569.094,
        "cs": 89.87558979574054
    },
    "3": {
        "w1": 6.0,
        "w2": 3.5556464655392768,
        "wt": 4.370430977026185,
        "dt": 837.214,
        "cs": 134.99654834980888
    },
    "4": {
        "w1": 5.0,
        "w2": 9.989695727485374,
        "wt": 8.326463818323584,
        "dt": 214.183,
        "cs": 40.04125960507996
    },
    "5": {
        "w1": 4.0,
        "w2": 2.455680316703993,
        "wt": 2.9704535444693283,
        "dt": 784.076,
        "cs": 130.3101213229184
    },
    "6": {
        "w1": 3.0,
        "w2": 2.3920394172913815,
        "wt": 2.5946929448609213,
        "dt": 477.151,
        "cs": 100.33279479640153
    },
    "7": {
        "w1": 2.0,
        "w2": 1.6635768456274984,
        "wt": 1.775717897084999,
        "dt": 399.268,
        "cs": 96.17830424878768
    },
    "13": {
        "w1": 1.0,
        "w2": 1.0,
        "wt": 1.0,
        "dt": 264.945,
        "cs": 80.00000000000009
    }
}