{
    "0": {
        "w1": 9.0,
        "w2": 2.996655840451083,
        "wt": 4.997770560300722,
        "dt": 1796.565,
        "cs": 240.26783132080303
    },
    "1": {
        "w1": 8.0,
        "w2": 14.41699757246435,
        "wt": 12.277998381642899,
        "dt": 248.812,
        "cs": 44.39204465306729
    },
    "2": {
        "w1": 7.0,
        "w2": 5.78479042912297,
        "wt": 6.189860286081981,
        "dt": 577.084,
        "cs": 96.80558126716811
    },
    "3": {
        "w1": 6.0,
        "w2": 3.2151543520381547,
        "wt": 4.143436234692103,
        "dt": 858.816,
        "cs": 149.29298796983656
    },
    "4": {
        "w1": 5.0,
        "w2": 8.928861416576318,
        "wt": 7.619240944384212,
        "dt": 213.063,
        "cs": 44.798545003443
    },
    "5": {
        "w1": 4.0,
        "w2": 2.096866765220262,
        "wt": 2.7312445101468414,
        "dt": 805.653,
        "cs": 152.60864700976177
    },
    "6": {
        "w1": 3.0,
        "w2": 2.355141930445953,
        "wt": 2.5700946202973016,
        "dt": 375.219,
        "cs": 101.90468646386651
    },
    "7": {
        "w1": 2.0,
        "w2": 1.299792687571735,
        "wt": 1.5331951250478233,
        "dt": 391.197,
        "cs": 123.09655341953895
    },
    "13": {
        "w1": 1.0,
        "w2": 1.0,
        "wt": 1.0,
        "dt": 117.278,
        "cs": 79.99999999999983
    }
}