{
    "0": {
        "w1": 9.0,
        "w2": 2.9477659513761894,
        "wt": 4.96517730091746,
        "dt": 1840.045,
        "cs": 244.25277036118223
    },
    "1": {
        "w1": 8.0,
        "w2": 14.253579325814098,
        "wt": 12.169052883876065,
        "dt": 251.444,
        "cs": 44.901002433888394
    },
    "2": {
        "w1": 7.0,
        "w2": 5.8128650992581585,
        "wt": 6.208576732838773,
        "dt": 573.303,
        "cs": 96.3380347621464
    },
    "3": {
        "w1": 6.0,
        "w2": 3.2695707609324196,
        "wt": 4.179713840621613,
        "dt": 843.912,
        "cs": 146.80826172519147
    },
    "4": {
        "w1": 5.0,
        "w2": 9.291075257341884,
        "wt": 7.860716838227923,
        "dt": 206.146,
        "cs": 43.05206759399745
    },
    "5": {
        "w1": 4.0,
        "w2": 2.093096049847167,
        "wt": 2.728730699898111,
        "dt": 816.576,
        "cs": 152.8835716943643
    },
    "6": {
        "w1": 3.0,
        "w2": 2.1564717393667783,
        "wt": 2.437647826244519,
        "dt": 413.915,
        "cs": 111.29290294825435
    },
    "7": {
        "w1": 2.0,
        "w2": 1.1998551193260292,
        "wt": 1.466570079550686,
        "dt": 398.949,
        "cs": 133.34943312978803
    },
    "13": {
        "w1": 1.0,
        "w2": 1.0,
        "wt": 1.0,
        "dt": 79.732,
        "cs": 80.00000000000001
    }
}